{"Time":0.6325647830963135,"PlayerPos":{"x":338.01971435546877,"y":273.2584533691406,"z":0.0},"JumpCount":10,"FallCount":10}
