{"StageNum":1,"Time":5.7362871170043949,"PlayerPos":{"x":1173.589111328125,"y":605.6661987304688,"z":0.0},"JumpCount":2,"FallCount":0}
