{"StageNum":1,"Time":20.903656005859376,"PlayerPos":{"x":-0.1462610960006714,"y":-2.5799999237060549,"z":0.0},"JumpCount":3,"FallCount":0}
