{"StageNum":1,"Time":27.980600357055665,"PlayerPos":{"x":-1.870344877243042,"y":49.89497375488281,"z":0.0},"JumpCount":15,"FallCount":1}
