{"StageNum":1,"Time":89.29325103759766,"PlayerPos":{"x":919.089111328125,"y":255.16619873046876,"z":0.0},"JumpCount":0,"FallCount":0}
