{"StageNum":1,"Time":3.110551357269287,"PlayerPos":{"x":1173.589111328125,"y":605.6661987304688,"z":0.0},"JumpCount":0,"FallCount":0}
