{"StageNum":1,"Time":22.41139793395996,"PlayerPos":{"x":-0.953857421875,"y":-2.604989528656006,"z":0.0},"JumpCount":3,"FallCount":0}
